<?xml version="1.0" encoding="UTF-8"?>
<CATALOG>
   <LIGHT>
      <EXPOSURE>Mostly Shady</EXPOSURE>
      <PLANT>
         <COMMON>Anemone</COMMON>
         <BOTANICAL>Anemone blanda</BOTANICAL>
         <ZONE>6</ZONE>
         <PRICE>$8.86</PRICE>
         <AVAILABILITY>122698</AVAILABILITY>
         <FAMILY>Ranunculaceae</FAMILY>
      </PLANT>
      <PLANT>
         <COMMON>Bloodroot</COMMON>
         <BOTANICAL>Sanguinaria canadensis</BOTANICAL>
         <ZONE>4</ZONE>
         <PRICE>$2.44</PRICE>
         <AVAILABILITY>031599</AVAILABILITY>
         <FAMILY>Papaveraceae</FAMILY>
      </PLANT>
      <PLANT>
         <COMMON>Columbine</COMMON>
         <BOTANICAL>Aquilegia canadensis</BOTANICAL>
         <ZONE>3</ZONE>
         <PRICE>$9.37</PRICE>
         <AVAILABILITY>030699</AVAILABILITY>
         <FAMILY>Ranunculaceae</FAMILY>
      </PLANT>
      <PLANT>
         <COMMON>Cowslip</COMMON>
         <BOTANICAL>Caltha palustris</BOTANICAL>
         <ZONE>4</ZONE>
         <PRICE>$9.90</PRICE>
         <AVAILABILITY>030699</AVAILABILITY>
         <FAMILY>Ranunculaceae</FAMILY>
      </PLANT>
      <PLANT>
         <COMMON>Dutchman's-Breeches</COMMON>
         <BOTANICAL>Dicentra cucullaria</BOTANICAL>
         <ZONE>3</ZONE>
         <PRICE>$6.44</PRICE>
         <AVAILABILITY>012099</AVAILABILITY>
         <FAMILY>Fumariaceae</FAMILY>
      </PLANT>
      <PLANT>
         <COMMON>Ginger, Wild</COMMON>
         <BOTANICAL>Asarum canadense</BOTANICAL>
         <ZONE>3</ZONE>
         <PRICE>$9.03</PRICE>
         <AVAILABILITY>041899</AVAILABILITY>
         <FAMILY>Aristolochiaceae</FAMILY>
      </PLANT>
      <PLANT>
         <COMMON>Grecian Windflower</COMMON>
         <BOTANICAL>Anemone blanda</BOTANICAL>
         <ZONE>6</ZONE>
         <PRICE>$9.16</PRICE>
         <AVAILABILITY>071099</AVAILABILITY>
         <FAMILY>Ranunculaceae</FAMILY>
      </PLANT>
      <PLANT>
         <COMMON>Hepatica</COMMON>
         <BOTANICAL>Hepatica americana</BOTANICAL>
         <ZONE>4</ZONE>
         <PRICE>$4.45</PRICE>
         <AVAILABILITY>012699</AVAILABILITY>
         <FAMILY>Ranunculaceae</FAMILY>
      </PLANT>
      <PLANT>
         <COMMON>Jack-In-The-Pulpit</COMMON>
         <BOTANICAL>Arisaema triphyllum</BOTANICAL>
         <ZONE>4</ZONE>
         <PRICE>$3.23</PRICE>
         <AVAILABILITY>020199</AVAILABILITY>
         <FAMILY>Araceae</FAMILY>
      </PLANT>
      <PLANT>
         <COMMON>Liverleaf</COMMON>
         <BOTANICAL>Hepatica americana</BOTANICAL>
         <ZONE>4</ZONE>
         <PRICE>$3.99</PRICE>
         <AVAILABILITY>010299</AVAILABILITY>
         <FAMILY>Ranunculaceae</FAMILY>
      </PLANT>
      <PLANT>
         <COMMON>Mayapple</COMMON>
         <BOTANICAL>Podophyllum peltatum</BOTANICAL>
         <ZONE>3</ZONE>
         <PRICE>$2.98</PRICE>
         <AVAILABILITY>060599</AVAILABILITY>
         <FAMILY>Berberidaceae</FAMILY>
      </PLANT>
      <PLANT>
         <COMMON>Shooting Star</COMMON>
         <BOTANICAL>Dodecatheon</BOTANICAL>
         <ZONE>Annual</ZONE>
         <PRICE>$8.60</PRICE>
         <AVAILABILITY>051399</AVAILABILITY>
         <FAMILY>Primulaceae</FAMILY>
      </PLANT>
      <PLANT>
         <COMMON>Spring-Beauty</COMMON>
         <BOTANICAL>Claytonia Virginica</BOTANICAL>
         <ZONE>7</ZONE>
         <PRICE>$6.59</PRICE>
         <AVAILABILITY>020199</AVAILABILITY>
         <FAMILY>Portulacaceae</FAMILY>
      </PLANT>
   </LIGHT>
   <LIGHT>
      <EXPOSURE>Mostly Sunny</EXPOSURE>
      <PLANT>
         <COMMON>Marsh Marigold</COMMON>
         <BOTANICAL>Caltha palustris</BOTANICAL>
         <ZONE>4</ZONE>
         <PRICE>$6.81</PRICE>
         <AVAILABILITY>051799</AVAILABILITY>
         <FAMILY>Ranunculaceae</FAMILY>
      </PLANT>
   </LIGHT>
   <LIGHT>
      <EXPOSURE>Shade</EXPOSURE>
      <PLANT>
         <COMMON>Adder's-Tongue</COMMON>
         <BOTANICAL>Erythronium americanum</BOTANICAL>
         <ZONE>4</ZONE>
         <PRICE>$9.58</PRICE>
         <AVAILABILITY>041399</AVAILABILITY>
         <FAMILY>Liliaceae</FAMILY>
      </PLANT>
      <PLANT>
         <COMMON>Bee Balm</COMMON>
         <BOTANICAL>Monarda didyma</BOTANICAL>
         <ZONE>4</ZONE>
         <PRICE>$4.59</PRICE>
         <AVAILABILITY>050399</AVAILABILITY>
         <FAMILY>Lamiaceae</FAMILY>
      </PLANT>
      <PLANT>
         <COMMON>Bergamot</COMMON>
         <BOTANICAL>Monarda didyma</BOTANICAL>
         <ZONE>4</ZONE>
         <PRICE>$7.16</PRICE>
         <AVAILABILITY>042799</AVAILABILITY>
         <FAMILY>Lamiaceae</FAMILY>
      </PLANT>
      <PLANT>
         <COMMON>Buttercup</COMMON>
         <BOTANICAL>Ranunculus</BOTANICAL>
         <ZONE>4</ZONE>
         <PRICE>$2.57</PRICE>
         <AVAILABILITY>061099</AVAILABILITY>
         <FAMILY>Ranunculaceae</FAMILY>
      </PLANT>
      <PLANT>
         <COMMON>Cardinal Flower</COMMON>
         <BOTANICAL>Lobelia cardinalis</BOTANICAL>
         <ZONE>2</ZONE>
         <PRICE>$3.02</PRICE>
         <AVAILABILITY>022299</AVAILABILITY>
         <FAMILY>Lobeliaceae</FAMILY>
      </PLANT>
      <PLANT>
         <COMMON>Cinquefoil</COMMON>
         <BOTANICAL>Potentilla</BOTANICAL>
         <ZONE>Annual</ZONE>
         <PRICE>$7.06</PRICE>
         <AVAILABILITY>052599</AVAILABILITY>
         <FAMILY>Rosaceae</FAMILY>
      </PLANT>
      <PLANT>
         <COMMON>Crowfoot</COMMON>
         <BOTANICAL>Ranunculus</BOTANICAL>
         <ZONE>4</ZONE>
         <PRICE>$9.34</PRICE>
         <AVAILABILITY>040399</AVAILABILITY>
         <FAMILY>Ranunculaceae</FAMILY>
      </PLANT>
      <PLANT>
         <COMMON>Greek Valerian</COMMON>
         <BOTANICAL>Polemonium caeruleum</BOTANICAL>
         <ZONE>Annual</ZONE>
         <PRICE>$4.36</PRICE>
         <AVAILABILITY>071499</AVAILABILITY>
         <FAMILY>Polemoniaceae</FAMILY>
      </PLANT>
      <PLANT>
         <COMMON>Jacob's Ladder</COMMON>
         <BOTANICAL>Polemonium caeruleum</BOTANICAL>
         <ZONE>Annual</ZONE>
         <PRICE>$9.26</PRICE>
         <AVAILABILITY>022199</AVAILABILITY>
         <FAMILY>Polemoniaceae</FAMILY>
      </PLANT>
      <PLANT>
         <COMMON>Snakeroot</COMMON>
         <BOTANICAL>Cimicifuga</BOTANICAL>
         <ZONE>Annual</ZONE>
         <PRICE>$5.63</PRICE>
         <AVAILABILITY>071199</AVAILABILITY>
         <FAMILY>Ranunculaceae</FAMILY>
      </PLANT>
      <PLANT>
         <COMMON>Trout Lily</COMMON>
         <BOTANICAL>Erythronium americanum</BOTANICAL>
         <ZONE>4</ZONE>
         <PRICE>$6.94</PRICE>
         <AVAILABILITY>032499</AVAILABILITY>
         <FAMILY>Liliaceae</FAMILY>
      </PLANT>
      <PLANT>
         <COMMON>Violet, Dog-Tooth</COMMON>
         <BOTANICAL>Erythronium americanum</BOTANICAL>
         <ZONE>4</ZONE>
         <PRICE>$9.04</PRICE>
         <AVAILABILITY>020199</AVAILABILITY>
         <FAMILY>Liliaceae</FAMILY>
      </PLANT>
   </LIGHT>
   <LIGHT>
      <EXPOSURE>Sun</EXPOSURE>
      <PLANT>
         <COMMON>California Poppy</COMMON>
         <BOTANICAL>Eschscholzia californica</BOTANICAL>
         <ZONE>Annual</ZONE>
         <PRICE>$7.89</PRICE>
         <AVAILABILITY>032799</AVAILABILITY>
         <FAMILY>Papaveraceae</FAMILY>
      </PLANT>
   </LIGHT>
   <LIGHT>
      <EXPOSURE>Sun or Shade</EXPOSURE>
      <PLANT>
         <COMMON>Blue Gentian</COMMON>
         <BOTANICAL>Gentiana</BOTANICAL>
         <ZONE>4</ZONE>
         <PRICE>$8.56</PRICE>
         <AVAILABILITY>050299</AVAILABILITY>
         <FAMILY>Gentianaceae</FAMILY>
      </PLANT>
      <PLANT>
         <COMMON>Gentian</COMMON>
         <BOTANICAL>Gentiana</BOTANICAL>
         <ZONE>4</ZONE>
         <PRICE>$7.81</PRICE>
         <AVAILABILITY>051899</AVAILABILITY>
         <FAMILY>Gentianaceae</FAMILY>
      </PLANT>
      <PLANT>
         <COMMON>Phlox, Blue</COMMON>
         <BOTANICAL>Phlox divaricata</BOTANICAL>
         <ZONE>3</ZONE>
         <PRICE>$5.59</PRICE>
         <AVAILABILITY>021699</AVAILABILITY>
         <FAMILY>Polemoniaceae</FAMILY>
      </PLANT>
      <PLANT>
         <COMMON>Phlox, Woodland</COMMON>
         <BOTANICAL>Phlox divaricata</BOTANICAL>
         <ZONE>3</ZONE>
         <PRICE>$2.80</PRICE>
         <AVAILABILITY>012299</AVAILABILITY>
         <FAMILY>Polemoniaceae</FAMILY>
      </PLANT>
      <PLANT>
         <COMMON>Trillium</COMMON>
         <BOTANICAL>Trillium grandiflorum</BOTANICAL>
         <ZONE>5</ZONE>
         <PRICE>$3.90</PRICE>
         <AVAILABILITY>042999</AVAILABILITY>
         <FAMILY>Liliaceae</FAMILY>
      </PLANT>
      <PLANT>
         <COMMON>Wake Robin</COMMON>
         <BOTANICAL>Trillium grandiflorum</BOTANICAL>
         <ZONE>5</ZONE>
         <PRICE>$3.20</PRICE>
         <AVAILABILITY>022199</AVAILABILITY>
         <FAMILY>Liliaceae</FAMILY>
      </PLANT>
   </LIGHT>
   <LIGHT>
      <EXPOSURE>Sunny</EXPOSURE>
      <PLANT>
         <COMMON>Black-Eyed Susan</COMMON>
         <BOTANICAL>Rudbeckia hirta</BOTANICAL>
         <ZONE>Annual</ZONE>
         <PRICE>$9.80</PRICE>
         <AVAILABILITY>061899</AVAILABILITY>
         <FAMILY>Compositae</FAMILY>
      </PLANT>
      <PLANT>
         <COMMON>Butterfly Weed</COMMON>
         <BOTANICAL>Asclepias tuberosa</BOTANICAL>
         <ZONE>Annual</ZONE>
         <PRICE>$2.78</PRICE>
         <AVAILABILITY>063099</AVAILABILITY>
         <FAMILY>Asclepiadaceae</FAMILY>
      </PLANT>
      <PLANT>
         <COMMON>Primrose</COMMON>
         <BOTANICAL>Oenothera</BOTANICAL>
         <ZONE>3 - 5</ZONE>
         <PRICE>$6.56</PRICE>
         <AVAILABILITY>013099</AVAILABILITY>
         <FAMILY>Oenotheraceae</FAMILY>
      </PLANT>
   </LIGHT>
</CATALOG>
